{
  "registered": 120632557.25099999,
  "eligible": 308523883.88199997,
  "total": 429156441.13299996,
  "registered_to_total_ratio": 0.2811,
  "delta_registered": null,
  "delta_eligible": null,
  "timestamp": "2026-01-20 04:35:38",
  "source": "Live"
}