{
  "registered": 128163446.25099999,
  "eligible": 321262364.18799996,
  "total": 449425810.43899995,
  "registered_to_total_ratio": 0.2852,
  "timestamp": "2025-12-31 14:04:43",
  "source": "Live"
}