{"registered": 120632557.25099999, "eligible": 308523883.88199997, "total": 429156441.13299996, "reg_ratio": 28.11, "delta_registered": -2571965, "delta_eligible": -1653703, "ts": "2026-01-20T04:44:00.171253"}