{"registered": 120632557.25099999, "eligible": 308523883.88199997, "total": 429156441.13299996, "reg_ratio": 28.11, "ts": "2026-01-16T23:31:58.852138"}