{"holdings_tonnes": 1085.67, "holdings_oz": 34905292.82, "change_tonnes": 10.870000000000118, "ts": "2026-01-19T08:00:07.727113"}